"ID","Gemeinde_color","Ja_Stimmen_In_Prozent","Nein_Stimmen_In_Prozent","Gemeinde_fr","Text_fr","link_wappen"
1001,2.1,2.1,97.9,"Doppleschwand (LU)",,"https://thumb.wikimedia.org/wikipedia/commons/thumb/1/14/CHE_Doppleschwand_COA.svg/960px-CHE_Doppleschwand_COA.svg.png"
1002,51.5,51.5,48.5,"Entlebuch (LU)",,"https://thumb.wikimedia.org/wikipedia/commons/thumb/8/85/CHE_Entlebuch_COA.svg/960px-CHE_Entlebuch_COA.svg.png"
1004,17.3,17.3,82.7,"Flühli (LU)",,"https://thumb.wikimedia.org/wikipedia/commons/thumb/6/65/CHE_Fluehli_COA.svg/960px-CHE_Fluehli_COA.svg.png"
1005,56.8,56.8,43.2,"Hasle (LU)",,"https://thumb.wikimedia.org/wikipedia/commons/thumb/a/ac/CHE_Hasle_LU_COA.svg/960px-CHE_Hasle_LU_COA.svg.png"
1007,69.7,69.7,30.3,"Romoos (LU)",,"https://thumb.wikimedia.org/wikipedia/commons/thumb/9/96/CHE_Romoos_COA.svg/960px-CHE_Romoos_COA.svg.png"
1008,26.8,26.8,73.2,"Schüpfheim (LU)",,"https://upload.wikimedia.org/wikipedia/commons/7/75/CHE_Schuepfheim_COA.png"
1009,20.9,20.9,79.1,"Werthenstein (LU)",,"https://thumb.wikimedia.org/wikipedia/commons/thumb/e/ec/CHE_Werthenstein_COA.svg/960px-CHE_Werthenstein_COA.svg.png"
1010,32.2,32.2,67.8,"Escholzmatt-Marbach (LU)",,"https://thumb.wikimedia.org/wikipedia/commons/thumb/2/25/CHE_Escholzmatt-Marbach_COA.svg/960px-CHE_Escholzmatt-Marbach_COA.svg.png"
1021,47.2,47.2,52.8,"Aesch (LU)",,"https://thumb.wikimedia.org/wikipedia/commons/thumb/2/29/CHE_Aesch_LU_COA.svg/960px-CHE_Aesch_LU_COA.svg.png"
1023,66.7,66.7,33.3,"Ballwil (LU)",,"https://thumb.wikimedia.org/wikipedia/commons/thumb/d/de/CHE_Ballwil_COA.svg/960px-CHE_Ballwil_COA.svg.png"
1024,86.3,86.3,13.7,"Emmen (LU)",,"https://thumb.wikimedia.org/wikipedia/commons/thumb/7/7c/CHE_Emmen_COA.svg/960px-CHE_Emmen_COA.svg.png"
1025,72.4,72.4,27.6,"Ermensee (LU)",,"https://thumb.wikimedia.org/wikipedia/commons/thumb/2/2d/CHE_Ermensee_COA.svg/960px-CHE_Ermensee_COA.svg.png"
1026,46.6,46.6,53.4,"Eschenbach (LU)",,"https://thumb.wikimedia.org/wikipedia/commons/thumb/4/4a/CHE_Eschenbach_LU_COA.svg/960px-CHE_Eschenbach_LU_COA.svg.png"
1030,44.1,44.1,55.9,"Hitzkirch (LU)",,"https://thumb.wikimedia.org/wikipedia/commons/thumb/1/1f/Coat_of_arms_of_Hitzkirch.svg/960px-Coat_of_arms_of_Hitzkirch.svg.png"
1031,80.8,80.8,19.2,"Hochdorf (LU)",,"https://thumb.wikimedia.org/wikipedia/commons/thumb/3/37/CHE_Hochdorf_COA.svg/960px-CHE_Hochdorf_COA.svg.png"
1032,64.7,64.7,35.3,"Hohenrain (LU)",,"https://thumb.wikimedia.org/wikipedia/commons/thumb/6/62/CHE_Hohenrain_COA.svg/960px-CHE_Hohenrain_COA.svg.png"
1033,50.5,50.5,49.5,"Inwil (LU)",,"https://thumb.wikimedia.org/wikipedia/commons/thumb/1/14/Coat_of_arms_of_Inwil_LU.svg/960px-Coat_of_arms_of_Inwil_LU.svg.png"
1037,51.3,51.3,48.7,"Rain (LU)",,"https://thumb.wikimedia.org/wikipedia/commons/thumb/f/fd/Coat_of_arms_of_Rain_LU.svg/960px-Coat_of_arms_of_Rain_LU.svg.png"
1039,90.6,90.6,9.4,"Römerswil (LU)",,"https://thumb.wikimedia.org/wikipedia/commons/thumb/6/68/CHE_R%C3%B6merswil_COA.svg/960px-CHE_R%C3%B6merswil_COA.svg.png"
1040,17.6,17.6,82.4,"Rothenburg (LU)",,"https://thumb.wikimedia.org/wikipedia/commons/thumb/e/ee/CHE_Rothenburg_COA.svg/960px-CHE_Rothenburg_COA.svg.png"
1041,60.8,60.8,39.2,"Schongau (LU)",,"https://thumb.wikimedia.org/wikipedia/commons/thumb/5/5d/CHE_Schongau_COA.svg/960px-CHE_Schongau_COA.svg.png"
1051,61.7,61.7,38.3,"Adligenswil (LU)",,"https://upload.wikimedia.org/wikipedia/commons/b/bc/CHE_Adligenswil_COA.png"
1052,50.8,50.8,49.2,"Buchrain (LU)",,"https://thumb.wikimedia.org/wikipedia/commons/thumb/d/d1/CHE_Buchrain_COA.svg/960px-CHE_Buchrain_COA.svg.png"
1053,75.2,75.2,24.8,"Dierikon (LU)",,"https://thumb.wikimedia.org/wikipedia/commons/thumb/0/0b/CHE_Dierikon_COA.svg/960px-CHE_Dierikon_COA.svg.png"
1054,44.9,44.9,55.1,"Ebikon (LU)",,"https://thumb.wikimedia.org/wikipedia/commons/thumb/d/d9/CHE_Ebikon_COA.svg/960px-CHE_Ebikon_COA.svg.png"
1055,35,35,65,"Gisikon (LU)",,"https://thumb.wikimedia.org/wikipedia/commons/thumb/f/fb/CHE_Gisikon_COA.svg/960px-CHE_Gisikon_COA.svg.png"
1056,65.5,65.5,34.5,"Greppen (LU)",,"https://thumb.wikimedia.org/wikipedia/commons/thumb/9/9d/Coat_of_arms_of_Greppen.svg/960px-Coat_of_arms_of_Greppen.svg.png"
1058,93.1,93.1,6.9,"Horw (LU)",,"https://thumb.wikimedia.org/wikipedia/commons/thumb/6/64/CHE_Horw_COA_2025.svg/960px-CHE_Horw_COA_2025.svg.png"
1059,32.3,32.3,67.7,"Kriens (LU)",,"https://thumb.wikimedia.org/wikipedia/commons/thumb/3/30/CHE_Kriens_COA.svg/960px-CHE_Kriens_COA.svg.png"
1061,13.6,13.6,86.4,"Lucerne (LU)",,"https://thumb.wikimedia.org/wikipedia/commons/thumb/d/da/CHE_Stadt_Luzern_COA.gif/960px-CHE_Stadt_Luzern_COA.gif"
1062,5.5,5.5,94.5,"Malters (LU)",,"https://thumb.wikimedia.org/wikipedia/commons/thumb/d/d1/Coat_of_arms_of_Malters.svg/960px-Coat_of_arms_of_Malters.svg.png"
1063,50.8,50.8,49.2,"Meggen (LU)",,"https://thumb.wikimedia.org/wikipedia/commons/thumb/0/04/CHE_Meggen_COA.svg/960px-CHE_Meggen_COA.svg.png"
1064,48.2,48.2,51.8,"Meierskappel (LU)",,"https://thumb.wikimedia.org/wikipedia/commons/thumb/2/2f/CHE_Meierskappel_COA.svg/960px-CHE_Meierskappel_COA.svg.png"
1065,26.9,26.9,73.1,"Root (LU)",,"https://thumb.wikimedia.org/wikipedia/commons/thumb/d/df/CHE_Root_COA2.svg/500px-CHE_Root_COA2.svg.png"
1066,36.6,36.6,63.4,"Schwarzenberg (LU)",,"https://thumb.wikimedia.org/wikipedia/commons/thumb/c/cb/Coat_of_arms_of_Schwarzenberg_LU.svg/960px-Coat_of_arms_of_Schwarzenberg_LU.svg.png"
1067,51.3,51.3,48.7,"Udligenswil (LU)",,"https://thumb.wikimedia.org/wikipedia/commons/thumb/a/a0/CHE_Udligenswil_COA.svg/960px-CHE_Udligenswil_COA.svg.png"
1068,23.8,23.8,76.2,"Vitznau (LU)",,"https://thumb.wikimedia.org/wikipedia/commons/thumb/8/86/CHE_Vitznau_COA.svg/960px-CHE_Vitznau_COA.svg.png"
1069,40.1,40.1,59.9,"Weggis (LU)",,"https://thumb.wikimedia.org/wikipedia/commons/thumb/c/cf/CHE_Weggis_COA.svg/960px-CHE_Weggis_COA.svg.png"
1081,73,73,27,"Beromünster (LU)",,"https://thumb.wikimedia.org/wikipedia/commons/thumb/4/45/CHE_Berom%C3%BCnster_COA.svg/960px-CHE_Berom%C3%BCnster_COA.svg.png"
1082,51.8,51.8,48.2,"Büron (LU)",,"https://thumb.wikimedia.org/wikipedia/commons/thumb/3/3d/CHE_B%C3%BCron_COA.svg/960px-CHE_B%C3%BCron_COA.svg.png"
1083,76.8,76.8,23.2,"Buttisholz (LU)",,"https://thumb.wikimedia.org/wikipedia/commons/thumb/d/dc/Coat_of_arms_of_Buttisholz.svg/500px-Coat_of_arms_of_Buttisholz.svg.png"
1084,49.6,49.6,50.4,"Eich (LU)",,"https://thumb.wikimedia.org/wikipedia/commons/thumb/d/d8/CHE_Eich_COA.svg/960px-CHE_Eich_COA.svg.png"
1085,30.9,30.9,69.1,"Geuensee (LU)",,"https://thumb.wikimedia.org/wikipedia/commons/thumb/7/73/CHE_Geuensee_COA.svg/250px-CHE_Geuensee_COA.svg.png"
1086,21.9,21.9,78.1,"Grosswangen (LU)",,"https://thumb.wikimedia.org/wikipedia/commons/thumb/d/d3/CHE_Grosswangen_COA.svg/960px-CHE_Grosswangen_COA.svg.png"
1088,68.4,68.4,31.6,"Hildisrieden (LU)",,"https://upload.wikimedia.org/wikipedia/commons/f/fd/Pic_Hildisrieden.png"
1089,84.8,84.8,15.2,"Knutwil (LU)",,"https://thumb.wikimedia.org/wikipedia/commons/thumb/3/33/Coat_of_arms_of_Knutwil.svg/960px-Coat_of_arms_of_Knutwil.svg.png"
1091,67.8,67.8,32.2,"Mauensee (LU)",,"https://thumb.wikimedia.org/wikipedia/commons/thumb/7/71/CHE_Mauensee_COA.svg/960px-CHE_Mauensee_COA.svg.png"
1093,75.7,75.7,24.3,"Neuenkirch (LU)",,"https://thumb.wikimedia.org/wikipedia/commons/thumb/d/d1/CHE_Neuenkirch_COA.svg/960px-CHE_Neuenkirch_COA.svg.png"
1094,91.6,91.6,8.4,"Nottwil (LU)",,"https://thumb.wikimedia.org/wikipedia/commons/thumb/4/44/Coat_of_arms_of_Nottwil.svg/960px-Coat_of_arms_of_Nottwil.svg.png"
1095,55.9,55.9,44.1,"Oberkirch (LU)",,"https://thumb.wikimedia.org/wikipedia/commons/thumb/0/02/CHE_Oberkirch_COA.svg/960px-CHE_Oberkirch_COA.svg.png"
1097,40.2,40.2,59.8,"Rickenbach (LU)",,"https://thumb.wikimedia.org/wikipedia/commons/thumb/0/0f/CHE_Rickenbach_LU_COA.svg/500px-CHE_Rickenbach_LU_COA.svg.png"
1098,94.4,94.4,5.6,"Ruswil (LU)",,"https://upload.wikimedia.org/wikipedia/commons/5/5b/CHE_Ruswil_COA.png"
1099,83.7,83.7,16.3,"Schenkon (LU)",,"https://thumb.wikimedia.org/wikipedia/commons/thumb/f/f8/Coat_of_arms_of_Schenkon.svg/960px-Coat_of_arms_of_Schenkon.svg.png"
1100,98.1,98.1,1.9,"Schlierbach (LU)",,"https://thumb.wikimedia.org/wikipedia/commons/thumb/8/8b/Coat_of_arms_of_Schlierbach_LU.svg/960px-Coat_of_arms_of_Schlierbach_LU.svg.png"
1102,42.7,42.7,57.3,"Sempach (LU)",,"https://upload.wikimedia.org/wikipedia/commons/a/a6/CHE_Sempach_COA.png"
1103,61.7,61.7,38.3,"Sursee (LU)",,"https://thumb.wikimedia.org/wikipedia/commons/thumb/e/e6/Coat_of_arms_of_Sursee.svg/960px-Coat_of_arms_of_Sursee.svg.png"
1104,27.9,27.9,72.1,"Triengen (LU)",,"https://thumb.wikimedia.org/wikipedia/commons/thumb/e/ea/CHE_Triengen_COA.svg/960px-CHE_Triengen_COA.svg.png"
1107,70,70,30,"Wolhusen (LU)",,"https://thumb.wikimedia.org/wikipedia/commons/thumb/c/c1/CHE_Wolhusen_COA_03.svg/960px-CHE_Wolhusen_COA_03.svg.png"
1121,85,85,15,"Alberswil (LU)",,"https://thumb.wikimedia.org/wikipedia/commons/thumb/8/8b/Coat_of_arms_of_Alberswil.svg/960px-Coat_of_arms_of_Alberswil.svg.png"
1122,46,46,54,"Altbüron (LU)",,"https://thumb.wikimedia.org/wikipedia/commons/thumb/7/76/CHE_Altb%C3%BCron_COA.svg/960px-CHE_Altb%C3%BCron_COA.svg.png"
1123,44.3,44.3,55.7,"Altishofen (LU)",,"https://thumb.wikimedia.org/wikipedia/commons/thumb/f/f0/CHE_Altishofen_COA.svg/960px-CHE_Altishofen_COA.svg.png"
1125,99.1,99.1,0.9,"Dagmersellen (LU)",,"https://thumb.wikimedia.org/wikipedia/commons/thumb/4/44/CHE_Dagmersellen_COA.svg/960px-CHE_Dagmersellen_COA.svg.png"
1127,71.2,71.2,28.8,"Egolzwil (LU)",,"https://thumb.wikimedia.org/wikipedia/commons/thumb/e/e8/CHE_Egolzwil_COA.svg/960px-CHE_Egolzwil_COA.svg.png"
1128,15.5,15.5,84.5,"Ettiswil (LU)",,"https://thumb.wikimedia.org/wikipedia/commons/thumb/f/fc/CHE_Ettiswil_COA.svg/250px-CHE_Ettiswil_COA.svg.png"
1129,54.2,54.2,45.8,"Fischbach (LU)",,"https://thumb.wikimedia.org/wikipedia/commons/thumb/8/8e/CHE_Fischbach_LU_COA.svg/960px-CHE_Fischbach_LU_COA.svg.png"
1131,27.5,27.5,72.5,"Grossdietwil (LU)",,"https://thumb.wikimedia.org/wikipedia/commons/thumb/e/e1/CHE_Grossdietwil_COA.svg/960px-CHE_Grossdietwil_COA.svg.png"
1132,50.3,50.3,49.7,"Hergiswil bei Willisau (LU)",,"https://thumb.wikimedia.org/wikipedia/commons/thumb/b/b6/CHE_Hergiswil_bei_Willisau_COA.svg/960px-CHE_Hergiswil_bei_Willisau_COA.svg.png"
1135,72.5,72.5,27.5,"Luthern (LU)",,"https://thumb.wikimedia.org/wikipedia/commons/thumb/6/6f/CHE_Luthern_COA.svg/960px-CHE_Luthern_COA.svg.png"
1136,1.4,1.4,98.6,"Menznau (LU)",,"https://thumb.wikimedia.org/wikipedia/commons/thumb/a/aa/Coat_of_arms_of_Menznau.svg/960px-Coat_of_arms_of_Menznau.svg.png"
1137,35.5,35.5,64.5,"Nebikon (LU)",,"https://upload.wikimedia.org/wikipedia/commons/6/6d/CHE_Nebikon_COA.png"
1139,39.1,39.1,60.9,"Pfaffnau (LU)",,"https://thumb.wikimedia.org/wikipedia/commons/thumb/0/09/CHE_Pfaffnau_COA.svg/960px-CHE_Pfaffnau_COA.svg.png"
1140,91.6,91.6,8.4,"Reiden (LU)",,"https://thumb.wikimedia.org/wikipedia/commons/thumb/7/7c/Wappen_Reiden.svg/960px-Wappen_Reiden.svg.png"
1142,12.1,12.1,87.9,"Roggliswil (LU)",,"https://thumb.wikimedia.org/wikipedia/commons/thumb/6/68/Coat_of_arms_of_Roggliswil.svg/960px-Coat_of_arms_of_Roggliswil.svg.png"
1143,97.8,97.8,2.2,"Schötz (LU)",,"https://thumb.wikimedia.org/wikipedia/commons/thumb/9/95/Coat_of_arms_of_Sch%C3%B6tz.svg/960px-Coat_of_arms_of_Sch%C3%B6tz.svg.png"
1145,68.2,68.2,31.8,"Ufhusen (LU)",,"https://thumb.wikimedia.org/wikipedia/commons/thumb/c/cd/Coat_of_arms_of_Ufhusen.svg/960px-Coat_of_arms_of_Ufhusen.svg.png"
1146,35.6,35.6,64.4,"Wauwil (LU)",,"https://thumb.wikimedia.org/wikipedia/commons/thumb/4/46/CHE_Wauwil_COA.svg/960px-CHE_Wauwil_COA.svg.png"
1147,70.9,70.9,29.1,"Wikon (LU)",,"https://thumb.wikimedia.org/wikipedia/commons/thumb/f/fe/CHE_Wikon_COA.svg/960px-CHE_Wikon_COA.svg.png"
1150,80.5,80.5,19.5,"Zell (LU)",,"https://thumb.wikimedia.org/wikipedia/commons/thumb/7/75/CHE_Zell_LU_COA.svg/960px-CHE_Zell_LU_COA.svg.png"
1151,82.3,82.3,17.7,"Willisau (LU)",,"https://upload.wikimedia.org/wikipedia/commons/3/33/CHE_Willisau_COA.png"
