"Kantons_Nr","Kanton_d","Kanton_f","Kanton_i","Ja_Stimmen_In_Prozent_Kanton","Nein_Stimmen_In_Prozent_Kanton","Kanton_color","Gemeinden_overall","Gemeinden_counted","Legende","Text_de","Text_fr","Text_it","link_wappen"
1,"Zürich","Zurich","Zurigo",31.8,68.2,0,160,75,"75/160","Es sind <b>75 von 160</b> Gemeinden ausgezählt.","Le résultats de <b>75 des 160 communes sont connus.","I risultati di <b>75 dei 160 comuni sono noti.","https://164.ch/grafiken_wahlen2023/Kantonswappen/ZH.png"
2,"Bern","Berne","Berna",0,0,50,329,0,"0/329","Es sind noch keine Gemeinden ausgezählt","Aucun résultat n'est encore connu.","Nessun risultato è ancora noto.","https://164.ch/grafiken_wahlen2023/Kantonswappen/BE.png"
3,"Luzern","Lucerne","Lucerna",27.2,72.8,0,79,45,"45/79","Es sind <b>45 von 79</b> Gemeinden ausgezählt.","Le résultats de <b>45 des 79 communes sont connus.","I risultati di <b>45 dei 79 comuni sono noti.","https://164.ch/grafiken_wahlen2023/Kantonswappen/LU.png"
4,"Uri","Uri","Uri",0,0,50,19,0,"0/19","Es sind noch keine Gemeinden ausgezählt","Aucun résultat n'est encore connu.","Nessun risultato è ancora noto.","https://164.ch/grafiken_wahlen2023/Kantonswappen/UR.png"
5,"Schwyz","Schwyz","Svitto",42.9,57.1,0,30,25,"25/30","Es sind <b>25 von 30</b> Gemeinden ausgezählt.","Le résultats de <b>25 des 30 communes sont connus.","I risultati di <b>25 dei 30 comuni sono noti.","https://164.ch/grafiken_wahlen2023/Kantonswappen/SZ.png"
6,"Obwalden","Obwald","Obvaldo",0,0,50,7,0,"0/7","Es sind noch keine Gemeinden ausgezählt","Aucun résultat n'est encore connu.","Nessun risultato è ancora noto.","https://164.ch/grafiken_wahlen2023/Kantonswappen/OW.png"
7,"Nidwalden","Nidwald","Nidvaldo",0,0,50,11,0,"0/11","Es sind noch keine Gemeinden ausgezählt","Aucun résultat n'est encore connu.","Nessun risultato è ancora noto.","https://164.ch/grafiken_wahlen2023/Kantonswappen/NW.png"
8,"Glarus","Glaris","Glarona",37.6,62.4,37.6,3,3,,"Es sind alle Gemeinden ausgezählt.","Les résultats de toutes les communes sont connus.","Tutti i comuni sono noti.","https://164.ch/grafiken_wahlen2023/Kantonswappen/GL.png"
9,"Zug","Zoug","Zugo",0,0,50,11,0,"0/11","Es sind noch keine Gemeinden ausgezählt","Aucun résultat n'est encore connu.","Nessun risultato è ancora noto.","https://164.ch/grafiken_wahlen2023/Kantonswappen/ZG.png"
10,"Freiburg","Fribourg","Friburgo",31.3,68.7,0,119,90,"90/119","Es sind <b>90 von 119</b> Gemeinden ausgezählt.","Le résultats de <b>90 des 119 communes sont connus.","I risultati di <b>90 dei 119 comuni sono noti.","https://164.ch/grafiken_wahlen2023/Kantonswappen/FR.png"
11,"Solothurn","Soleure","Soletta",28.1,71.9,0,104,85,"85/104","Es sind <b>85 von 104</b> Gemeinden ausgezählt.","Le résultats de <b>85 des 104 communes sont connus.","I risultati di <b>85 dei 104 comuni sono noti.","https://164.ch/grafiken_wahlen2023/Kantonswappen/SO.png"
12,"Basel-Stadt","Bâle-Ville","Basilea Città",20.1,79.9,0,3,0,"0/3","Die brieflichen Stimmen sind ausgezählt.","Les votes par correspondance ont été dépouillés.","I voti per corrispondenza sono stati scrutinati.","https://164.ch/grafiken_wahlen2023/Kantonswappen/BS.png"
13,"Basel-Landschaft","Bâle-Campagne","Basilea Campagna",26.3,73.7,0,86,62,"62/86","Es sind <b>62 von 86</b> Gemeinden ausgezählt.","Le résultats de <b>62 des 86 communes sont connus.","I risultati di <b>62 dei 86 comuni sono noti.","https://164.ch/grafiken_wahlen2023/Kantonswappen/BL.png"
14,"Schaffhausen","Schaffhouse","Sciaffusa",0,0,50,26,0,"0/26","Es sind noch keine Gemeinden ausgezählt","Aucun résultat n'est encore connu.","Nessun risultato è ancora noto.","https://164.ch/grafiken_wahlen2023/Kantonswappen/SH.png"
15,"Appenzell Ausserrhoden","Appenzell Rhodes-Extérieures","Appenzello Esterno",34.7,65.3,0,20,13,"13/20","Es sind <b>13 von 20</b> Gemeinden ausgezählt.","Le résultats de <b>13 des 20 communes sont connus.","I risultati di <b>13 dei 20 comuni sono noti.","https://164.ch/grafiken_wahlen2023/Kantonswappen/AR.png"
16,"Appenzell Innerrhoden","Appenzell Rhodes-Intérieures","Appenzello Interno",0,0,50,5,0,"0/5","Es sind noch keine Gemeinden ausgezählt","Aucun résultat n'est encore connu.","Nessun risultato è ancora noto.","https://164.ch/grafiken_wahlen2023/Kantonswappen/AI.png"
17,"St. Gallen","Saint-Gall","San Gallo",37.8,62.2,0,75,52,"52/75","Es sind <b>52 von 75</b> Gemeinden ausgezählt.","Le résultats de <b>52 des 75 communes sont connus.","I risultati di <b>52 dei 75 comuni sono noti.","https://164.ch/grafiken_wahlen2023/Kantonswappen/SG.png"
18,"Graubünden","Grisons","Grigioni",35.1,64.9,0,100,95,"95/100","Es sind <b>95 von 100</b> Gemeinden ausgezählt.","Le résultats de <b>95 des 100 communes sont connus.","I risultati di <b>95 dei 100 comuni sono noti.","https://164.ch/grafiken_wahlen2023/Kantonswappen/GR.png"
19,"Aargau","Argovie","Argovia",29.6,70.4,29.6,196,196,,"Es sind alle Gemeinden ausgezählt.","Les résultats de toutes les communes sont connus.","Tutti i comuni sono noti.","https://164.ch/grafiken_wahlen2023/Kantonswappen/AG.png"
20,"Thurgau","Thurgovie","Turgovia",0,0,50,80,0,"0/80","Es sind noch keine Gemeinden ausgezählt","Aucun résultat n'est encore connu.","Nessun risultato è ancora noto.","https://164.ch/grafiken_wahlen2023/Kantonswappen/TG.png"
21,"Tessin","Tessin","Ticino",50.3,49.7,100,100,52,"52/100","Es sind <b>52 von 100</b> Gemeinden ausgezählt.","Le résultats de <b>52 des 100 communes sont connus.","I risultati di <b>52 dei 100 comuni sono noti.","https://164.ch/grafiken_wahlen2023/Kantonswappen/TI.png"
22,"Waadt","Vaud","Vaud",27.6,72.4,0,300,266,"266/300","Es sind <b>266 von 300</b> Gemeinden ausgezählt.","Le résultats de <b>266 des 300 communes sont connus.","I risultati di <b>266 dei 300 comuni sono noti.","https://164.ch/grafiken_wahlen2023/Kantonswappen/VD.png"
23,"Wallis","Valais","Vallese",33.5,66.5,0,122,117,"117/122","Es sind <b>117 von 122</b> Gemeinden ausgezählt.","Le résultats de <b>117 des 122 communes sont connus.","I risultati di <b>117 dei 122 comuni sono noti.","https://164.ch/grafiken_wahlen2023/Kantonswappen/VS.png"
24,"Neuenburg","Neuchâtel","Neuchâtel",26.3,73.7,0,24,19,"19/24","Es sind <b>19 von 24</b> Gemeinden ausgezählt.","Le résultats de <b>19 des 24 communes sont connus.","I risultati di <b>19 dei 24 comuni sono noti.","https://164.ch/grafiken_wahlen2023/Kantonswappen/NE.png"
25,"Genf","Genève","Ginevra",33.5,66.5,0,45,0,"0/45","Die brieflichen Stimmen sind ausgezählt.","Les votes par correspondance ont été dépouillés.","I voti per corrispondenza sono stati scrutinati.","https://164.ch/grafiken_wahlen2023/Kantonswappen/GE.png"
26,"Jura","Jura","Giura",0,0,50,51,0,"0/51","Es sind noch keine Gemeinden ausgezählt","Aucun résultat n'est encore connu.","Nessun risultato è ancora noto.","https://164.ch/grafiken_wahlen2023/Kantonswappen/JU.png"
